group,S1,S2,S3,S4,S5,S6,S7,S8,S9,S10,S11,S12,S13,S14,S15,S16,S17,S18,S19,S20,S21,S22,S23,S24,S25,S26,S27,S28,S29,S30,S31,S32
1,0.022433589,0.017666956,0.024809333,0.005661067,0.018438533,0.005363611,0.004120622,0.001441511,0.012594478,0.002543111,0.005802878,0.023095911,0.0034971,0.009776778,0.006600778,0.004975456,0.007668667,0.0087913,0.003637456,0.006874233,0.004452889,0.0029269,0.009293844,0.004322489,0.008690522,0.007007333,0.009532344,0.013168633,0.012568089,0.007217222,0.008586067,0.005198456
1,0.025399444,0.020177956,0.028109256,0.006542722,0.020136244,0.006197178,0.004410289,0.001622589,0.014394478,0.003156833,0.006116167,0.015798444,0.003761711,0.010904,0.004865,0.005547489,0.008547833,0.010137556,0.004159022,0.007793467,0.004995078,0.003302033,0.009529844,0.004694011,0.009454111,0.008097444,0.011308622,0.0148293,0.014500056,0.007189567,0.012299378,0.0060059
1,0.036726967,0.028138633,0.040799211,0.008579889,0.018290622,0.007937744,0.005729544,0.002203022,0.019435067,0.003393889,0.0076294,0.022913456,0.004760189,0.014397022,0.005243611,0.007076744,0.010674478,0.012928522,0.005236867,0.010226878,0.006291256,0.003916056,0.011849067,0.006185678,0.012367611,0.009985022,0.014839333,0.019751378,0.019547967,0.008463333,0.010388333,0.007625911
1,0.017778444,0.014010667,0.019509533,0.004759433,0.012247722,0.004656778,0.003190633,0.001151822,0.0101949,0.002029956,0.004166467,0.010966978,0.002732311,0.007738611,0.003207711,0.004121967,0.006026089,0.0066806,0.002859578,0.005653478,0.003546133,0.002483644,0.007044967,0.003496322,0.006797767,0.004874511,0.008128389,0.0106796,0.010290278,0.004771289,0.007265056,0.004302189
1,0.017353167,0.013674289,0.019208322,0.004310478,-0.001087744,0.0028376,0.002742367,0.001080922,0.009165233,0.0010636,0.003001433,0.010087578,0.002277267,0.007155744,0.001102678,0.003216678,0.0048732,0.006165389,0.002354633,0.005114856,0.0030042,0.001406367,0.0046808,0.002903833,0.006046944,0.0041203,0.007534089,0.009451744,0.009232911,0.003656178,-0.0022242,0.003663833
1,0.0205711,0.015734367,0.022661278,0.004622422,0.000822944,0.003133156,0.002949556,0.0012948,0.010760789,0.000876244,0.003504844,0.011076944,0.002560989,0.008155967,0.001323967,0.003586711,0.005576656,0.006960122,0.002484944,0.005856244,0.003096044,0.001605278,0.004878444,0.003146033,0.006235889,0.004832222,0.008126544,0.011009656,0.010332,0.003967111,-0.001390511,0.003912222
1,0.013668689,0.010829478,0.015140156,0.003607167,0.0025439,0.002780189,0.002393222,0.000890944,0.007504867,0.001266722,0.002731622,0.007854078,0.002004867,0.005961422,0.0016208,0.002895967,0.004355244,0.005067044,0.002073789,0.004382444,0.002662456,0.001452056,0.004406267,0.002500322,0.005073911,0.003428789,0.006185844,0.007750756,0.007538144,0.003438844,0.000410467,0.003111878
1,0.020761311,0.016120756,0.022747822,0.005141633,0.005787711,0.004279678,0.003365322,0.001305289,0.011174767,0.001626944,0.004160722,0.012311667,0.002828433,0.008490578,0.002346678,0.004151611,0.006199222,0.006943011,0.002851856,0.006158333,0.003571378,0.002153056,0.006366389,0.003584267,0.007186578,0.005046833,0.008720767,0.011520189,0.011104389,0.004437822,0.002502344,0.004235678
1,0.00566302,0.00457342,0.00630868,0.00151064,0.00083414,0.00110458,0.00088016,0.00037292,0.0030576,0.0004265,0.00090384,0.00250244,0.00076864,0.00236938,0.00043058,0.00117606,0.0017249,0.00203706,0.00083306,0.00181986,0.00107428,0.00056932,0.0018231,0.00104846,0.00203762,0.0013007,0.00253108,0.00317486,0.0030585,0.00123816,0.0002195,0.00123912
1,0.024474556,0.019503822,0.027279522,0.006572778,0.023851689,0.006711244,0.004557056,0.001579578,0.014193656,0.003578144,0.006237044,0.014480989,0.003887867,0.010619744,0.005075244,0.005958156,0.008661978,0.009974489,0.004225356,0.008621533,0.005239189,0.003755244,0.010328133,0.005052644,0.009482544,0.0079135,0.010909167,0.0144982,0.014143489,0.007260789,0.013585889,0.006150589
1,0.018440933,0.014952478,0.020597611,0.005312911,0.01965978,0.005562967,0.003775322,0.001298022,0.011039356,0.003160322,0.005019067,0.011015211,0.003265778,0.008485233,0.004478933,0.004981389,0.007112978,0.008037622,0.003465756,0.006958356,0.004394711,0.003221656,0.008707989,0.004132722,0.007685122,0.006385078,0.008762689,0.011492689,0.011132267,0.006075822,0.01150882,0.005150411
1,0.033231256,0.026341933,0.037906544,0.008229456,0.001928456,0.005811533,0.005314389,0.001973844,0.017576967,0.002315278,0.005783689,0.019607011,0.004389667,0.013356689,0.002297833,0.006304278,0.009283,0.011853933,0.004570111,0.010329833,0.005853789,0.0028343,0.009483644,0.005811067,0.0114779,0.0095095,0.013987711,0.017693789,0.017628678,0.006997522,-0.000973167,0.007483756
1,0.017775178,0.013738633,0.019275422,0.004747144,0.029454411,0.0066647,0.0035006,0.001246167,0.010549111,0.002924056,0.005826678,0.009475911,0.003124889,0.007865711,0.005309,0.004863811,0.006963556,0.008342022,0.0032572,0.006908433,0.004043922,0.003470356,0.008998444,0.003945144,0.006942644,0.0061025,0.007683378,0.011127056,0.010297278,0.005867578,0.025408956,0.004543244
1,0.0277959,0.0211858,0.030798856,0.006383178,0.005416967,0.005334944,0.004147922,0.001669167,0.014412944,0.001596911,0.005131411,0.0144538,0.003473978,0.010732789,0.002295511,0.005062156,0.007494489,0.0095524,0.003484267,0.008468333,0.004610333,0.002572589,0.008132433,0.004675711,0.008996311,0.006882856,0.010803578,0.014561856,0.013890367,0.005413133,0.001856133,0.005369167
1,0.017469022,0.013994189,0.019069811,0.005047778,0.018231367,0.005789644,0.003554911,0.001219844,0.010330411,0.002856011,0.004693044,0.010115822,0.002984578,0.007896422,0.004199411,0.004605933,0.006557433,0.007459444,0.003232422,0.006635156,0.004224856,0.003033267,0.008366544,0.003893989,0.0073604,0.0054366,0.008126756,0.010620667,0.010372878,0.005271311,0.011299844,0.0045103
1,0.039019322,0.030648089,0.044167378,0.009719367,0.018968189,0.008993922,0.006519244,0.0023822,0.021012322,0.003857533,0.008187444,0.0235236,0.005277611,0.015507978,0.005283778,0.007840422,0.011373267,0.014699389,0.005814422,0.012833333,0.007661733,0.004446311,0.013744478,0.007327789,0.014117822,0.011075478,0.015997044,0.020805056,0.020860422,0.008901422,0.008767133,0.008418133
1,0.019997456,0.015595178,0.022460222,0.004791322,-0.002100933,0.0032557,0.002956144,0.001223256,0.010332867,0.000814078,0.003227722,0.010312356,0.002477833,0.007766511,0.0008546,0.003493556,0.005213889,0.006874978,0.002490711,0.006364744,0.003413456,0.001567767,0.005304511,0.003371,0.006562411,0.004573322,0.008028033,0.010268589,0.009991978,0.003598078,-0.002747386,0.003934478
1,0.027365878,0.020964156,0.030318978,0.006326744,0.009769956,0.006111589,0.0041958,0.001655667,0.0141715,0.001932756,0.005520422,0.013660111,0.003530156,0.010403978,0.002899,0.005156633,0.007628233,0.009780856,0.003675111,0.008707833,0.004904778,0.002878778,0.008661078,0.004753844,0.0089748,0.006949433,0.010492689,0.014216344,0.0136321,0.005425233,0.005382078,0.005324511
1,0.030570378,0.024595256,0.0348582,0.007646667,0.006656,0.005780144,0.005246544,0.001795256,0.015659722,0.002062378,0.005901167,0.032010378,0.004164411,0.012056544,0.005641467,0.005935789,0.008395867,0.011082256,0.004471444,0.010338133,0.006196833,0.002797278,0.011611556,0.005889289,0.011012722,0.008489211,0.011759967,0.015291667,0.015524911,0.007505511,-0.0025236,0.006087111
1,0.019485378,0.015299411,0.021336889,0.005589256,0.049587322,0.009789711,0.004212933,0.001389189,0.0119868,0.003971367,0.008170844,0.010670144,0.003759178,0.008806344,0.007318711,0.006071244,0.0082715,0.010329211,0.004246267,0.008494322,0.005393722,0.004611278,0.012765989,0.005036456,0.008331644,0.007582367,0.008674333,0.012851422,0.011821811,0.007061389,0.047284825,0.005464378
1,0.0285355,0.022469956,0.031785989,0.007227067,0.016191733,0.007608767,0.0049051,0.001767278,0.015290267,0.002888222,0.006185867,0.015362289,0.0040545,0.011318067,0.003951978,0.006105656,0.008653911,0.011648722,0.004548767,0.010388833,0.006168822,0.003574411,0.010656389,0.005617389,0.0103208,0.008223822,0.011549533,0.015099822,0.015161578,0.006876789,0.010390022,0.006348633
1,0.010839122,0.008673244,0.012135022,0.002918322,-0.001282933,0.002217678,0.001899111,0.000700678,0.0057808,0.000752922,0.001942656,0.005575844,0.001566856,0.004568767,0.000786933,0.002197422,0.003193811,0.004270144,0.001683256,0.004078356,0.0024192,0.0010341,0.003355722,0.002124522,0.004000689,0.002648067,0.004712756,0.005657022,0.005704467,0.002421333,-0.0027172,0.002444422
1,0.023673178,0.019081722,0.026415089,0.006570533,0.023467011,0.007898856,0.004568144,0.001589133,0.013452644,0.003371044,0.006027678,0.012887211,0.003825811,0.010037844,0.004751289,0.005883744,0.008208278,0.011074278,0.004436933,0.009683789,0.005957822,0.003811022,0.010730089,0.005260767,0.009368856,0.007784489,0.010320144,0.013533289,0.013429722,0.006792378,0.014993444,0.005916311
1,0.016579933,0.0130793,0.018619867,0.0040777,-0.002497711,0.003036378,0.002495089,0.001045844,0.008339956,0.000623067,0.002597889,0.007802244,0.002073811,0.006302256,0.000553133,0.003011733,0.004319856,0.006025611,0.0022351,0.005869633,0.003293833,0.001288933,0.004602278,0.002986856,0.005569944,0.003947789,0.006549789,0.008026367,0.008168667,0.002994544,-0.003686589,0.003282989
1,0.014988311,0.012023433,0.017130333,0.003676533,-0.013583844,-0.0004623,0.001980444,0.000860067,0.0071128,-0.000241222,0.001383067,0.006821767,0.001603089,0.005534744,-0.001718422,0.002158767,0.003230622,0.0048695,0.001769167,0.005083656,0.002710656,0.000216811,0.002307333,0.002389633,0.004653267,0.003329544,0.005948133,0.006466711,0.007025367,0.002144889,-0.013276644,0.002776822
1,0.012738511,0.009875056,0.014369278,0.002989111,-0.009801267,0.000474089,0.001685322,0.000783811,0.006015167,-0.0001705,0.001321422,0.0057364,0.001364,0.004657378,-0.001093756,0.001846167,0.002795822,0.003985756,0.001458278,0.0042436,0.002269856,0.000400178,0.002090533,0.001968267,0.003918833,0.002476567,0.004892467,0.005518011,0.005838056,0.001653256,-0.009930056,0.002156467
1,0.039885011,0.029972456,0.043419233,0.009278256,0.025580311,0.010673578,0.006173967,0.002275089,0.020045689,0.003851411,0.008246311,0.020524178,0.0050827,0.0144939,0.005326756,0.007840289,0.011098856,0.015789278,0.006137144,0.014086778,0.008403111,0.004660922,0.013552478,0.007208422,0.013141367,0.011934056,0.0147028,0.019262467,0.019742989,0.008683722,0.014320144,0.007666578
1,0.017816156,0.013964589,0.019724811,0.004572,-0.000759889,0.003852567,0.002846211,0.0010916,0.009156789,0.0011183,0.003113044,0.008950633,0.002352978,0.006939156,0.000945344,0.003435767,0.004937011,0.006717311,0.002656867,0.006612389,0.003894022,0.001616311,0.005197189,0.003312089,0.006188078,0.0042631,0.007200522,0.008737522,0.008998733,0.0035006,-0.001413433,0.0036043
1,0.023176511,0.0174596,0.025824278,0.0049455,-0.011859744,0.0017308,0.0027561,0.0013653,0.010600844,-0.00023,0.0025183,0.009740144,0.0023,0.007841111,-0.001523822,0.003207,0.004890189,0.007342278,0.002468144,0.0074623,0.003811644,0.000850178,0.003946178,0.0033674,0.006474322,0.004866456,0.008072889,0.009620167,0.010139967,0.002983433,-0.014126378,0.003626722
1,0.015665422,0.011960144,0.017411789,0.003521578,-0.0080338,0.001575789,0.002057256,0.000940889,0.0072926,3.66E-05,0.001922111,0.006803744,0.001683967,0.005548856,-0.000864011,0.002374878,0.003485267,0.004759767,0.001746411,0.005053578,0.002746278,0.000745322,0.002947833,0.002392689,0.004610211,0.003110944,0.005715067,0.006720244,0.007064367,0.002200556,-0.008118789,0.002524678
1,0.02231532,0.01736678,0.02474232,0.00558652,0.01189912,0.00587396,0.0038232,0.00138072,0.01149818,0.00201766,0.00487346,0.01435132,0.0031911,0.00869904,0.00355918,0.0047045,0.00664652,0.0091155,0.00358182,0.00856268,0.00505736,0.0027241,0.00835142,0.00440164,0.00792298,0.00627032,0.00861546,0.01132036,0.01132522,0.00535238,0.00553874,0.00458228
1,0.015270689,0.011654978,0.017285811,0.003291578,-0.019958967,-0.001231756,0.001640267,0.000869311,0.006691989,-0.000817233,0.0007402,0.005998656,0.001331056,0.005144122,-0.002442367,0.001668656,0.002758311,0.004181311,0.001365333,0.004655667,0.002279022,-0.000165378,0.001439278,0.002041556,0.004084567,0.002660222,0.005481467,0.005864933,0.0064006,0.001311444,-0.019741811,0.0022841
1,0.021289,0.016670378,0.023965644,0.005262967,0.0076859,0.004948044,0.003661589,0.001331911,0.010817156,0.001328756,0.004522978,0.019231233,0.002999056,0.008210933,0.003909744,0.004265233,0.0059676,0.008335089,0.003158322,0.007938878,0.004628956,0.002259967,0.008482056,0.004220678,0.007716556,0.005984511,0.008023678,0.010433778,0.010483967,0.005197111,0.001010822,0.004143278
1,0.0317015,0.024141311,0.0349914,0.0078339,0.0328679,0.010187822,0.0054719,0.001997733,0.016858056,0.003454833,0.007999678,0.014827211,0.004664978,0.012193733,0.005624567,0.007021656,0.009960778,0.014575478,0.005388989,0.012736756,0.0073776,0.004550456,0.012986333,0.006602233,0.011229756,0.010038222,0.012262956,0.016804467,0.016495933,0.008060111,0.024223911,0.006972256
1,0.028836311,0.022028722,0.031778711,0.006933078,0.013683733,0.007777467,0.004530244,0.001742022,0.014727244,0.002226344,0.0059657,0.0136564,0.003842533,0.010709978,0.003251867,0.005795411,0.008199256,0.011847389,0.004387133,0.010979311,0.006268211,0.003331922,0.009917367,0.005407044,0.0096933,0.007938067,0.010907689,0.014321167,0.014348978,0.006177278,0.008737944,0.005781178
1,0.012486289,0.009630811,0.013583922,0.003210622,0.012120456,0.004610889,0.002239944,0.0008767,0.006885011,0.001511778,0.003460344,0.005622667,0.001967611,0.005040933,0.0023532,0.002999522,0.004138911,0.005283722,0.002235256,0.005047211,0.003128789,0.002005856,0.005486022,0.002633033,0.004590467,0.003724744,0.005094111,0.006821978,0.006691822,0.003381278,0.008909367,0.002748967
1,0.013119433,0.010184822,0.014363089,0.003460478,0.009114922,0.004103833,0.002371089,0.000876756,0.007081133,0.001453922,0.003129644,0.0063352,0.002064244,0.005329767,0.002053556,0.003039856,0.004278622,0.005835533,0.002344144,0.005595822,0.0033431,0.001943889,0.005259667,0.002736433,0.004858878,0.003688133,0.005378367,0.0070094,0.006933189,0.003431267,0.006015678,0.0029479
1,0.010184556,0.0080098,0.011365756,0.002621078,-0.003920867,0.001872567,0.001621411,0.000659711,0.005127011,0.000451422,0.001532633,0.004707644,0.001333044,0.003989978,-4.21E-05,0.001869133,0.002738078,0.003630844,0.001480122,0.0039018,0.002251433,0.000731656,0.002569422,0.001874333,0.0035566,0.002208167,0.004198789,0.0048028,0.005005678,0.001764489,-0.003710033,0.002039022
1,0.018007322,0.013647144,0.020369467,0.003801367,-0.019290967,-0.001603344,0.001831289,0.000999922,0.007804611,-0.000869378,0.000881811,0.007106933,0.001501778,0.005847167,-0.002644744,0.001981144,0.003259467,0.004765089,0.001724122,0.005807433,0.002832733,-0.000126467,0.001790311,0.002357756,0.004670422,0.003148911,0.006178378,0.006637622,0.007465078,0.001546711,-0.021964778,0.0024961
1,0.017378111,0.013987189,0.019176378,0.0051218,0.022884944,0.007081167,0.003612833,0.001173056,0.010061389,0.0031118,0.004881744,0.009077022,0.003090978,0.007530156,0.004342478,0.005036333,0.006586511,0.008714656,0.003759333,0.0079455,0.005130567,0.003349767,0.008873611,0.004247489,0.007253511,0.006087856,0.007657378,0.010084233,0.010073633,0.005548433,0.014667156,0.004542922
1,0.013112967,0.010045956,0.014476133,0.003133389,-0.003198778,0.002284956,0.001921778,0.000815011,0.006387856,0.0005149,0.001917689,0.005775111,0.001641978,0.004872833,0.000231833,0.002287333,0.003412922,0.004834244,0.001793089,0.004992144,0.0026921,0.000976267,0.003103122,0.002236011,0.004153444,0.002934356,0.004974933,0.005944778,0.006150089,0.002334044,-0.003801089,0.002381144
1,0.023820656,0.018899889,0.0266665,0.006330722,0.016528556,0.0068597,0.004634133,0.001477189,0.012586967,0.002931522,0.0056792,0.021267033,0.003774533,0.009632344,0.005786144,0.005592878,0.007612811,0.0103893,0.0043607,0.009777944,0.006214744,0.003307389,0.010151022,0.005162078,0.009351722,0.008186867,0.0094796,0.012104956,0.012467856,0.007021144,0.006442733,0.005202211
1,0.016284144,0.012461233,0.017744911,0.004021144,0.012110989,0.005098689,0.002746444,0.0010771,0.008608222,0.001616411,0.003977844,0.006928222,0.002397089,0.006322089,0.002455222,0.003612867,0.005029156,0.006975211,0.002744522,0.006644211,0.003928078,0.002284389,0.006369044,0.003264867,0.005639911,0.004690144,0.006358956,0.008396667,0.008296344,0.004003689,0.008469044,0.003397911
1,0.018292867,0.014076667,0.019661322,0.004821944,0.022324333,0.006876933,0.003450633,0.001229533,0.010053356,0.002608,0.005202322,0.008851156,0.002998267,0.007426678,0.004143633,0.004641767,0.006473989,0.008770456,0.003525133,0.008110789,0.004910844,0.003206411,0.008418089,0.004100156,0.006777267,0.005683544,0.007330822,0.010037922,0.009774222,0.005306622,0.017152522,0.004249189
1,0.0137434,0.010525133,0.014869178,0.003500978,0.009962522,0.004325467,0.002469033,0.000927756,0.007356333,0.001521189,0.003363856,0.006396811,0.002137967,0.005495944,0.002204144,0.003132589,0.004477756,0.0061475,0.002391289,0.005874522,0.003457889,0.001994456,0.0054465,0.002840522,0.0049403,0.003782933,0.0054915,0.007174989,0.007080422,0.003551267,0.006761689,0.003007467
1,0.006856789,0.005327589,0.007692822,0.001504367,-0.0119797,-0.001417233,0.000780222,0.000421011,0.002920711,-0.000493511,0.000157756,0.002764767,0.000603011,0.002407367,-0.001528644,0.0006907,0.001201378,0.001598011,0.000626378,0.002184244,0.001072867,-0.000277444,-0.000199478,0.000728967,0.0019501,0.000849744,0.002523867,0.002394844,0.002770989,0.000429744,-0.011871222,0.000913233
1,0.010631589,0.008230711,0.011814956,0.002589811,-0.006454011,0.001480322,0.001574489,0.000630289,0.005061544,0.000192067,0.001305689,0.004596356,0.001275411,0.003945467,-0.000508644,0.0017155,0.002601956,0.003473267,0.001433944,0.003951589,0.002166378,0.000550378,0.002126867,0.001812078,0.003384956,0.002075089,0.004149289,0.004567978,0.004933322,0.001640678,-0.006468489,0.0019575
1,0.041790622,0.030406578,0.046343022,0.008701744,0.000475778,0.007631311,0.005419133,0.002236911,0.019002144,0.0015024,0.006256633,0.017982033,0.004440356,0.013549389,0.001444978,0.006347967,0.009352256,0.013784811,0.0052284,0.014579678,0.007766711,0.002903244,0.009915633,0.006516078,0.011860978,0.009718978,0.013762233,0.017251078,0.018226156,0.006339078,-0.003451844,0.006753567
1,0.012743156,0.009886144,0.013783089,0.003497778,0.009503433,0.004352356,0.002415744,0.000844589,0.006954044,0.001597278,0.003123033,0.006197856,0.002072844,0.005247778,0.0021621,0.0031659,0.004324511,0.005611678,0.002402889,0.005608033,0.003449667,0.001991467,0.005447567,0.002843356,0.0048737,0.003555422,0.005305656,0.006837778,0.006834478,0.003383456,0.006520033,0.002969433
1,0.019034044,0.015034078,0.020907089,0.005350344,0.019054329,0.006901244,0.003699433,0.001238633,0.010566789,0.002879,0.004805956,0.009399011,0.003136156,0.007881222,0.003845044,0.004949778,0.0066347,0.0087723,0.003854244,0.008459111,0.005368656,0.003177656,0.008607967,0.004362311,0.007463878,0.005923167,0.008050589,0.0103316,0.010532967,0.005393056,0.011551367,0.004630022
1,0.020571456,0.015976789,0.023021411,0.005162167,-0.004065911,0.004001289,0.003176367,0.001212511,0.010227433,0.000976356,0.003161,0.009656722,0.002658922,0.007785644,0.0004982,0.003822278,0.005533878,0.007252489,0.003078044,0.008075022,0.004526433,0.001605833,0.005474467,0.0038639,0.006893367,0.004683622,0.008045856,0.009367111,0.009998022,0.003546078,-0.0047478,0.004103656
1,0.021193478,0.016652611,0.023395078,0.005877667,0.018169078,0.007031178,0.004009811,0.001374589,0.0116622,0.002922967,0.005054144,0.010450178,0.003422811,0.008698833,0.003776089,0.005320567,0.0072495,0.009593922,0.0041356,0.0093908,0.005838644,0.003315144,0.009190044,0.004861578,0.008107267,0.006442533,0.008889789,0.011286022,0.011569178,0.005757644,0.010947178,0.005125533
1,0.0167717,0.023632011,0.005773656,0.011915413,0.006144267,0.003836589,0.001309878,0.011358289,0.002498889,0.004523711,0.010189989,0.003238911,0.008502644,0.002859022,0.004978333,0.006804622,0.0091598,0.003949189,0.009015322,0.005507822,0.002861678,0.008193356,0.0046294,0.007855656,0.006553811,0.008798433,0.010781567,0.011296667,0.005430922,0.006369813,0.004998989,0.004998989
1,0.021775044,0.016763233,0.024207856,0.0051388,-0.001476067,0.004367433,0.003236489,0.0012682,0.010677033,0.001063111,0.003460833,0.0094552,0.002762144,0.007965989,0.000830489,0.00394,0.005747144,0.0082779,0.0031792,0.008692311,0.004645478,0.001799811,0.0057171,0.003869922,0.006852344,0.005218411,0.008070922,0.009796044,0.010304878,0.003969567,-0.002447156,0.004154211
1,0.012099144,0.009603433,0.013297556,0.003495389,0.012647629,0.004574289,0.002478911,0.000849644,0.006966333,0.001883044,0.003236289,0.005939211,0.0021561,0.005248989,0.0025262,0.003322256,0.004522311,0.005976267,0.002576733,0.005788867,0.003599856,0.002198189,0.005890467,0.002979256,0.005004411,0.003867333,0.0053284,0.006913633,0.006856544,0.003686867,0.008959044,0.003112967
1,0.016754544,0.013295033,0.018928789,0.004364756,-0.004593056,0.0031866,0.002653467,0.001015867,0.008408689,0.000850867,0.002562078,0.007486778,0.002196956,0.006429889,0.000258422,0.003134022,0.004465089,0.006094389,0.002649989,0.006589889,0.003808544,0.001259378,0.004434,0.003213522,0.005764178,0.004266322,0.006814544,0.007585933,0.008325767,0.003212967,-0.0047183,0.003532144
1,0.0103952,0.008427222,0.011515556,0.003392689,0.022006778,0.0053394,0.0025544,0.000817889,0.006575556,0.002669456,0.003694578,0.005853789,0.002233567,0.004938778,0.003844967,0.003610844,0.004638389,0.006182,0.002784656,0.005544256,0.003761567,0.002703911,0.006962433,0.0031106,0.005008878,0.0043978,0.004967256,0.006750722,0.006599489,0.004316022,0.013892367,0.003178678
1,0.016953111,0.013083611,0.018652833,0.004277178,0.005576878,0.004442289,0.002874822,0.001076967,0.008763956,0.001446822,0.003365744,0.007474722,0.002469278,0.006596689,0.001665,0.003545956,0.005069767,0.0071731,0.002854711,0.007233122,0.004137989,0.002009211,0.005679278,0.003383344,0.005898844,0.004479867,0.006661733,0.0083588,0.008535711,0.003889011,0.003145289,0.003585556
0,0.0171222,0.013776867,0.018612544,0.004242856,0.004968456,0.003428778,0.002502256,0.001078789,0.009461233,0.001372811,0.003464578,0.011938556,0.002169489,0.007284589,0.002519533,0.003257489,0.005004667,0.005691333,0.002703489,0.004044711,0.002998356,0.001481767,0.004745744,0.002472033,0.005698344,0.004133844,0.007923522,0.009114289,0.009841067,0.003829367,0.002230689,0.003771522
0,0.018281622,0.014416822,0.0198625,0.004209356,0.007575011,0.003784733,0.002598633,0.001181311,0.009936989,0.001254233,0.004051244,0.011885622,0.002313956,0.007445367,0.0026757,0.003391856,0.004915,0.004873256,0.002627544,0.004076289,0.002973433,0.001712656,0.004936089,0.002554011,0.0056883,0.004643944,0.007930167,0.010081567,0.010095067,0.003723689,0.004203078,0.003768989
0,0.0177904,0.013863489,0.019651922,0.003665333,-0.007941711,-0.000214833,0.001982578,0.001116667,0.008599767,-0.000195944,0.002226222,0.010116744,0.001729544,0.006427211,-0.000102422,0.002219833,0.003187622,0.003999589,0.001824522,0.003284933,0.0021806,0.000455511,0.002221144,0.001967644,0.004830644,0.003486378,0.007097078,0.008679644,0.008662711,0.002154644,-0.0076169,0.0028661
0,0.019780211,0.016035878,0.021925189,0.004903378,0.007747689,0.003776178,0.003187189,0.001238633,0.010932644,0.001481644,0.004388711,0.0227467,0.002715967,0.008443256,0.005014278,0.003828867,0.005749778,0.006059644,0.003041733,0.004733667,0.0035403,0.0017814,0.006729433,0.003258444,0.007347989,0.0052733,0.0088167,0.011140833,0.011179456,0.005372556,0.001460922,0.004353511
0,0.019124722,0.015209478,0.021172222,0.004458111,0.000281,0.002983478,0.002599833,0.001210533,0.010151889,0.000795744,0.003380878,0.012798222,0.002237711,0.007599222,0.0014852,0.003185289,0.004613444,0.005116144,0.002502044,0.004110489,0.0029107,0.0012176,0.004371578,0.002627956,0.006108478,0.004319767,0.008404967,0.010367033,0.010288367,0.003243289,-0.001336033,0.003756444
0,0.018992567,0.015161722,0.020885656,0.004574556,0.000696522,0.003156478,0.002681667,0.001226178,0.010169489,0.000913211,0.003437489,0.012753133,0.002278256,0.007740567,0.001552911,0.003271144,0.004871444,0.0055504,0.002591278,0.004304067,0.003034389,0.001293822,0.004708078,0.002751078,0.006324556,0.004401756,0.008560756,0.010422967,0.0104056,0.003476311,-0.000981256,0.0039032
0,0.021236933,0.016828722,0.024074033,0.005082,-0.013051444,0.002026456,0.002556456,0.001229544,0.010819878,-0.000174933,0.002319111,0.011984044,0.002147033,0.008248789,-0.001602278,0.003193744,0.004875522,0.006778856,0.002517533,0.005022933,0.002979044,0.0006186,0.004046678,0.003144044,0.006629444,0.004685344,0.009227867,0.011054733,0.0110659,0.003282033,-0.010994589,0.004243411
0,0.023305078,0.018469222,0.026009356,0.005873978,0.003975789,0.004363667,0.003602911,0.001425967,0.012735767,0.001487467,0.0044706,0.014006889,0.003127478,0.009718156,0.002321578,0.004505644,0.006730689,0.008215689,0.003297611,0.006286856,0.003985078,0.002083978,0.006838133,0.003933422,0.008120344,0.006029133,0.010306989,0.013613144,0.012923522,0.005034333,0.001053911,0.005230189
0,0.011541744,0.009363911,0.013009878,0.003071844,-0.002172111,0.0018224,0.001856856,0.000736933,0.006314611,0.000620022,0.001940078,0.006873611,0.001559811,0.004995889,0.000628578,0.002203567,0.003354322,0.004272122,0.001609089,0.003261467,0.002041556,0.000809967,0.003043711,0.001979389,0.004118122,0.002711122,0.0054066,0.006688156,0.006443633,0.002611178,-0.002470944,0.00268
0,0.019654967,0.015856922,0.022280356,0.005105044,-0.002775356,0.003159933,0.003046667,0.001242256,0.010681333,0.001065478,0.003320344,0.011994844,0.002592711,0.008305156,0.001181578,0.003697467,0.005509122,0.007222889,0.002753789,0.005406422,0.003393322,0.001375189,0.005229478,0.003291578,0.006917122,0.0050874,0.009015522,0.011137367,0.010945844,0.004383278,-0.002801111,0.0045764
0,0.0118411,0.009230889,0.013201267,0.002749111,-0.007214,-0.000549244,0.001450656,0.000759978,0.005913867,-0.000202256,0.001300389,0.006344544,0.0012181,0.004564922,-0.000965389,0.001713733,0.002618644,0.003386878,0.001295767,0.002888856,0.001620822,0.000310856,0.001927378,0.001682033,0.003528822,0.0023994,0.004941011,0.006215022,0.005913056,0.001784611,-0.007200778,0.002174578
0,0.028749444,0.022556811,0.031753311,0.0068742,0.012798244,0.005427178,0.004692544,0.001727078,0.015294189,0.002246511,0.006235422,0.032591444,0.003852311,0.011695956,0.007210511,0.005451422,0.008387744,0.009521067,0.004069233,0.007499056,0.005042,0.002738756,0.010122756,0.004895556,0.010332211,0.0080443,0.011634256,0.015811544,0.015329633,0.007908111,0.0028754,0.005808922
0,0.014563778,0.011689011,0.016284489,0.003566967,-0.010793933,-0.0000593,0.001980356,0.000904211,0.0073805,-0.0000459,0.001606078,0.008474833,0.001607867,0.0058301,-0.0012786,0.002186511,0.003369922,0.004769722,0.0016914,0.003704267,0.0021483,0.000404522,0.002413144,0.002074278,0.004677322,0.003138367,0.006364378,0.007630978,0.007471022,0.0024368,-0.009411622,0.002835522
0,0.036619233,0.028690722,0.041281667,0.008607689,0.0073902,0.005777967,0.005862989,0.002175978,0.019061978,0.002188956,0.007062722,0.043487267,0.004688978,0.014574378,0.007505867,0.006424167,0.009777822,0.012209533,0.004907611,0.0092664,0.006088567,0.002790822,0.011900067,0.0061141,0.013032867,0.010134189,0.014679056,0.019507011,0.019090611,0.009321044,-0.002825389,0.007395922
0,0.020337856,0.0162825,0.0228626,0.005340289,0.003905278,0.003934444,0.003423256,0.001275533,0.011169456,0.001660689,0.003936278,0.014572056,0.002879722,0.008708956,0.002623567,0.004164389,0.006178233,0.007649722,0.0030645,0.005968722,0.003786644,0.001929122,0.0065894,0.003610867,0.007535233,0.005722711,0.009261944,0.011583733,0.011421778,0.005111244,0.000692667,0.004700589
0,0.032378889,0.024997522,0.035665767,0.007534067,0.007312322,0.005938756,0.004756178,0.0019073,0.016998689,0.002264622,0.005953167,0.020039844,0.003988156,0.012695867,0.003281,0.005834422,0.008893689,0.0113012,0.004429667,0.008585022,0.005290689,0.0027965,0.009117433,0.005103533,0.010640433,0.008686489,0.013304922,0.017269444,0.0170779,0.007017622,0.002854056,0.006597922
0,0.023161856,0.018453511,0.026056589,0.005725733,-0.005069056,0.003266878,0.003437611,0.001419,0.012153533,0.0010395,0.003624389,0.014195589,0.002885078,0.009413544,0.000926356,0.004035056,0.006141511,0.008140856,0.003038289,0.006336811,0.0038192,0.001451344,0.005557656,0.003636378,0.007747422,0.005788244,0.010090067,0.012386256,0.012315422,0.004615467,-0.004263433,0.0049065
0,0.019377478,0.015600967,0.021931778,0.004938167,-0.00616455,0.0026161,0.002935544,0.001203933,0.0102483,0.000750189,0.002961589,0.012236367,0.0024395,0.008012256,0.000482178,0.003395311,0.005120589,0.006995189,0.002577656,0.005462078,0.003203167,0.001077956,0.004566067,0.003117078,0.006652622,0.005017656,0.0087672,0.010527478,0.010479144,0.003836078,-0.004654438,0.0043174
0,0.029442456,0.022592722,0.033040333,0.006506689,0.001274689,0.003690689,0.004292856,0.001756511,0.0149433,0.000878656,0.005217544,0.032313367,0.003514022,0.011344322,0.004652711,0.004741289,0.0073098,0.008958678,0.003531678,0.007485444,0.004422144,0.001874311,0.008518444,0.004593778,0.0096372,0.007570489,0.011211456,0.015428233,0.014616344,0.006471233,-0.006803367,0.005330089
0,0.014266444,0.011259533,0.015964989,0.003361067,-0.013606056,-0.000668711,0.001730778,0.000875867,0.006998578,-0.000461189,0.001228078,0.008284433,0.001417167,0.005434678,-0.001867833,0.001829011,0.002907389,0.004190122,0.001441867,0.003546422,0.001900056,-0.00000674,0.001788078,0.001916589,0.0043536,0.0026578,0.006075844,0.0072377,0.006997133,0.001803122,-0.011450956,0.002609633
0,0.026157444,0.020868244,0.029696033,0.006473267,0.003128878,0.0041215,0.004390833,0.001597878,0.013873311,0.001639533,0.004970233,0.028898067,0.003553789,0.010853367,0.005029811,0.004830967,0.007350156,0.009105856,0.003670889,0.007256978,0.004632944,0.002060156,0.008565656,0.004584322,0.009601067,0.007266567,0.010963178,0.014233611,0.013940467,0.007038089,-0.003609956,0.005571744
0,0.017630244,0.013755867,0.019486867,0.004211067,-0.010641233,0.000407422,0.002334233,0.001058733,0.008893367,-0.0000246,0.002100056,0.0104118,0.001918756,0.006856456,-0.001302522,0.002627522,0.004044911,0.005478156,0.001979244,0.004561756,0.002579056,0.000578967,0.003137311,0.002574867,0.005609533,0.003598022,0.007502333,0.0091497,0.008927567,0.002731511,-0.008959378,0.003341611
0,0.036057478,0.028245622,0.040885078,0.008339578,-0.007804511,0.004838356,0.005145489,0.002109533,0.018360811,0.001403289,0.005555111,0.026037311,0.004182089,0.013908356,0.002065522,0.005765567,0.008786767,0.012188667,0.004492811,0.009353722,0.005545,0.001993856,0.008605833,0.0055034,0.011749744,0.009506789,0.014713456,0.018550478,0.018504956,0.006993489,-0.007109133,0.007225256
0,0.036471167,0.028716022,0.041442567,0.008704611,-0.003167422,0.005642144,0.005352233,0.0021139,0.019067044,0.001996956,0.005997544,0.023246256,0.004436533,0.0143578,0.002175633,0.006242956,0.0094666,0.012896056,0.004786844,0.009761267,0.005856278,0.002499289,0.009302689,0.005762711,0.012098967,0.0101674,0.015269644,0.019178156,0.0191963,0.007266367,-0.002703211,0.007648522
0,0.0184699,0.014267056,0.020247922,0.004478933,0.002272256,0.003258911,0.002805111,0.001144678,0.009812544,0.001088922,0.0033875,0.010685367,0.002391333,0.007427289,0.0015473,0.003432089,0.005194367,0.006131422,0.002455444,0.005145844,0.003082544,0.001633311,0.005156133,0.003008356,0.006212,0.004463578,0.007776933,0.010206022,0.009765156,0.0037815,0.000243744,0.003802622
0,0.020088522,0.015198122,0.022380311,0.0041325,-0.019594844,-0.001852222,0.002119389,0.001190667,0.009449078,-0.000930289,0.001317211,0.010685022,0.001767078,0.007130111,-0.002740367,0.002206878,0.003808756,0.005848256,0.001714089,0.004761889,0.002272822,-0.000166889,0.001757022,0.002330033,0.0051829,0.003692822,0.007484056,0.009565767,0.009099333,0.002115178,-0.019434811,0.003185244
0,0.014832733,0.011547122,0.016370822,0.003633422,-0.004409744,0.002079733,0.002181744,0.000936844,0.007827622,0.000508433,0.002284644,0.0086353,0.001848111,0.006057867,0.000427811,0.002510478,0.0039473,0.004989956,0.0018484,0.004170933,0.002375044,0.000963711,0.003467589,0.0023407,0.004970311,0.003318978,0.006443544,0.008242189,0.007806456,0.002729167,-0.003942056,0.0030396
0,0.011405711,0.009057433,0.012554278,0.003134956,0.005188511,0.002701111,0.002087978,0.000798933,0.0065315,0.001291767,0.002560356,0.006848444,0.001789811,0.005137833,0.001783944,0.002571422,0.003870533,0.0045156,0.001868089,0.003684522,0.002344211,0.001460289,0.004228722,0.002203578,0.004530833,0.003062756,0.005408689,0.006906633,0.006640689,0.003215989,0.002743133,0.002841
0,0.011937589,0.009539,0.013163544,0.003314422,0.006723488,0.0029676,0.002202733,0.0008151,0.0068901,0.001483667,0.002751822,0.007094478,0.001866133,0.005378533,0.002003489,0.002761267,0.004115856,0.004824844,0.001997867,0.003871656,0.002497822,0.0015886,0.004604411,0.002317289,0.004769633,0.003397644,0.0056787,0.007215789,0.006997689,0.003442833,0.003798313,0.003026889
0,0.014851111,0.011620856,0.016523589,0.003556511,-0.007068511,0.001570433,0.002040033,0.000912967,0.007589422,0.000107078,0.002019144,0.008294744,0.001698211,0.005857878,-0.000201333,0.002319011,0.003554289,0.004545178,0.0016705,0.003949278,0.002198911,0.000678289,0.002891844,0.0021929,0.004779744,0.003101667,0.0062948,0.0079192,0.007532267,0.0023784,-0.006174178,0.002864211
0,0.026882033,0.021086533,0.030407767,0.006265589,-0.015218922,0.001846378,0.003501178,0.001534867,0.013477722,0.0000191,0.003300189,0.016209433,0.002835511,0.010257144,-0.001961544,0.003927689,0.005995211,0.008462211,0.003018378,0.006808756,0.003809,0.000808911,0.004853733,0.003843856,0.008458411,0.005885189,0.011135967,0.0135069,0.013542544,0.004278089,-0.012337556,0.005151122
0,0.028920933,0.022902422,0.032354367,0.007238133,0.006006844,0.005522456,0.004655211,0.001736811,0.015674367,0.002267667,0.005401978,0.017740456,0.003894111,0.011958222,0.0029014,0.005679567,0.0084816,0.010651844,0.004147789,0.008423856,0.0050839,0.0027306,0.008757878,0.004970333,0.010146522,0.007743456,0.012533144,0.016012933,0.015874956,0.006560556,0.002189889,0.006534478
0,0.020548533,0.015984878,0.023427711,0.004789478,-0.006963389,0.002372911,0.002806356,0.001253389,0.010563133,0.000445156,0.002857944,0.012651078,0.002319322,0.007948144,0.000166978,0.003232178,0.004862722,0.006251022,0.002352011,0.0054649,0.002969833,0.001012922,0.0043569,0.003143511,0.006573511,0.004344356,0.008412033,0.010858522,0.010361922,0.003239011,-0.006540978,0.003866289
0,0.023755278,0.0182492,0.0267397,0.005363922,0.003758244,0.003419233,0.0036643,0.001440267,0.012402611,0.000967133,0.004551189,0.023825678,0.003060678,0.009481644,0.004033489,0.004151622,0.0062456,0.007438622,0.002966222,0.006436489,0.003706656,0.001838922,0.007642267,0.003938167,0.008005889,0.0062846,0.009124889,0.012709956,0.011919578,0.005613789,-0.003038011,0.004404033
0,0.023045256,0.018045456,0.025938722,0.005635844,0.005054544,0.003878256,0.003884367,0.001429722,0.012333256,0.001274622,0.004668811,0.025470989,0.0031451,0.009511144,0.004548856,0.004278156,0.006450511,0.0074725,0.0031262,0.006495267,0.0040063,0.002030211,0.008410756,0.004163944,0.008547633,0.006216911,0.009565867,0.012843367,0.012196511,0.005880289,-0.0014914,0.0046804
0,0.0439674,0.033801367,0.0500453,0.009862856,0.013369522,0.007210789,0.006995111,0.002516833,0.022455467,0.002930467,0.008622033,0.053433244,0.005488756,0.016940511,0.009170722,0.007540667,0.0114236,0.014335922,0.005748478,0.0114188,0.007150911,0.003612033,0.0147131,0.007366144,0.015260867,0.0121514,0.016832378,0.022822711,0.022350622,0.010902011,-0.000226956,0.008385311
0,0.073905411,0.0560837,0.086954889,0.014468167,-0.006087378,0.009251389,0.009036789,0.003858322,0.034897511,0.002869289,0.010767544,0.055825563,0.007145478,0.024956589,0.003511856,0.009955556,0.014786933,0.022499478,0.007962711,0.016366011,0.009446122,0.003773911,0.015899467,0.010123678,0.021500367,0.018442822,0.025670867,0.034077289,0.034692078,0.011759267,-0.006453789,0.012381211
0,0.011144478,0.008869511,0.012602433,0.003016278,-0.002044944,0.001808833,0.001909533,0.000709967,0.006111244,0.000758556,0.001893856,0.007045189,0.001588056,0.004921344,0.000587611,0.0022153,0.003256178,0.004211678,0.0016276,0.003456233,0.0021032,0.000890233,0.003398489,0.0020987,0.004297233,0.002888933,0.005394322,0.006455889,0.006266267,0.0025414,-0.001798789,0.002740956
0,0.018690889,0.014510778,0.020637578,0.004562989,0.004875544,0.003725189,0.002933678,0.001148533,0.010058811,0.001272578,0.003683433,0.010843956,0.002513567,0.0076406,0.001910556,0.003651889,0.005402022,0.006228233,0.002520333,0.005431667,0.003162056,0.001878133,0.005637678,0.003192756,0.0063582,0.004572033,0.007870322,0.010511156,0.009959811,0.004033244,0.002183878,0.003934067
0,0.029776122,0.023292722,0.033235689,0.007449678,0.015991822,0.006809833,0.004944533,0.001849511,0.016426878,0.002937933,0.0063813,0.018671411,0.004163489,0.012314622,0.004474244,0.006163033,0.009143956,0.010753778,0.004440389,0.008794533,0.005442078,0.003445789,0.010424156,0.005397578,0.010722644,0.008067222,0.012802989,0.016863778,0.016540956,0.007305922,0.008773456,0.006687011
0,0.036283971,0.027109057,0.040919986,0.0071809,-0.0009595,0.002790143,0.004796586,0.002112014,0.017556657,0.000563357,0.005866071,0.036458414,0.004003371,0.013170371,0.004419443,0.005246486,0.008120186,0.011764143,0.003798829,0.008953671,0.004760629,0.001880657,0.009355671,0.005231271,0.010677886,0.0090786,0.012455371,0.017672843,0.0166646,0.007281857,-0.010926529,0.005840014
0,0.029582733,0.023089411,0.0332158,0.007011811,-0.003121322,0.004538,0.004368167,0.001742533,0.015353989,0.001420211,0.004884611,0.018407189,0.003590722,0.011617611,0.001624444,0.005066611,0.007679711,0.009853411,0.003757489,0.008218256,0.004710522,0.002098656,0.007598944,0.004737078,0.009851067,0.006957656,0.012243233,0.015558611,0.0153821,0.005705256,-0.003051333,0.005930322
0,0.012279711,0.009773767,0.013892433,0.003043233,-0.010453289,-0.0000463,0.001723133,0.00077,0.006156044,-0.000154744,0.001306656,0.007013767,0.001400933,0.004964844,-0.001338778,0.001772722,0.002789056,0.004014011,0.0013558,0.0034556,0.001848967,0.0002543,0.002058356,0.001878289,0.004135511,0.002484833,0.005499,0.0064089,0.006233767,0.001906911,-0.007736456,0.002507111
0,0.019832411,0.015667956,0.022203956,0.005044367,0.002785844,0.003226111,0.003414833,0.001262078,0.010493322,0.001201733,0.003963578,0.021827011,0.002730167,0.008265433,0.003812956,0.003815944,0.0055686,0.006182211,0.002709078,0.005695378,0.0035062,0.001712422,0.007039367,0.003638778,0.007535011,0.005029933,0.008298144,0.010833633,0.010466678,0.004899589,-0.002669389,0.003893878
0,0.028430167,0.022142422,0.031487944,0.006861856,0.011408078,0.005941456,0.0047319,0.0016995,0.015187689,0.002310533,0.005924056,0.023654911,0.003900089,0.011509467,0.0049135,0.005663878,0.008379233,0.009545356,0.0039929,0.008399378,0.004984433,0.003030722,0.009749622,0.0050832,0.010049244,0.007404444,0.011553922,0.015641856,0.015079389,0.006740378,0.004444467,0.005816878
0,0.025507833,0.019990311,0.028460667,0.0061619,0.007352278,0.004554722,0.004287633,0.001521867,0.013410344,0.001650711,0.005207578,0.027800722,0.003429133,0.010319133,0.005181378,0.004856511,0.007181078,0.008149078,0.003478156,0.007373411,0.0044443,0.002396878,0.009038711,0.004584511,0.009336922,0.006676344,0.010256456,0.013783967,0.013323256,0.006413878,-0.000294389,0.004975344
0,0.021701511,0.017453089,0.024448678,0.005600522,0.003540467,0.0036912,0.003894267,0.0013588,0.011660333,0.0015004,0.0043431,0.023515578,0.0031117,0.009232289,0.004283256,0.004311556,0.006315967,0.007309011,0.003120278,0.006598333,0.004060856,0.001972322,0.007999667,0.004149689,0.008502956,0.0056644,0.009298344,0.011997611,0.0116995,0.005754556,-0.002448456,0.004655411
0,0.011921989,0.009787556,0.013366933,0.003465144,0.008729386,0.003224633,0.002512522,0.000843544,0.006982067,0.001656589,0.003093844,0.012069722,0.002093633,0.005571144,0.003549267,0.0030076,0.004361022,0.004658378,0.002152967,0.004187267,0.002743178,0.001808733,0.005871567,0.002700211,0.0053289,0.003608556,0.005624267,0.007313933,0.007055489,0.004071089,0.003501767,0.003052278
0,0.021524889,0.017433622,0.024533022,0.005598933,0.0012171,0.003386322,0.003816244,0.001333756,0.011484989,0.001341333,0.004149322,0.022985022,0.003075878,0.009131978,0.003872956,0.004222589,0.006117978,0.007327089,0.003072167,0.006557456,0.004005256,0.001729756,0.007539244,0.004078344,0.008322122,0.005649211,0.0092575,0.011762944,0.011531411,0.0056102,-0.003998344,0.004658144
0,0.015844178,0.012672733,0.017986911,0.003924956,-0.011239344,-0.000164978,0.002205433,0.000930078,0.007985156,-0.000128033,0.0018336,0.008952,0.001790522,0.006344411,-0.001490733,0.002428744,0.003652144,0.004895422,0.001821222,0.004496922,0.002398033,0.000407011,0.002904156,0.002449067,0.005253433,0.003422822,0.0069586,0.008114756,0.008058544,0.002342711,-0.009413533,0.003253756
0,0.028032233,0.022005256,0.031457,0.006736178,-0.002394625,0.004436978,0.004222811,0.001646467,0.014719156,0.001395611,0.0047367,0.016961167,0.003500044,0.011110733,0.001592511,0.005009356,0.007514633,0.009358744,0.003586133,0.008089956,0.004584489,0.002114044,0.007486889,0.004652622,0.009506611,0.006577311,0.011679478,0.014955811,0.014628556,0.005419044,-0.002455267,0.005827689
0,0.013681056,0.010981689,0.015206278,0.003688033,0.002185111,0.0027961,0.002394211,0.000881111,0.007602289,0.001204344,0.0026581,0.007956422,0.002022722,0.005947022,0.001301944,0.002937822,0.004303333,0.005044944,0.002090222,0.004487967,0.002674756,0.001434156,0.004548778,0.002612089,0.005160178,0.003460122,0.006342333,0.007890378,0.007671967,0.003244411,0.000552756,0.003285489
0,0.009553833,0.007633944,0.010702867,0.002464222,-0.004824144,0.001116644,0.001489489,0.000599022,0.005016744,0.000322411,0.001369411,0.005399044,0.001221811,0.0039955,-0.0000294,0.001645,0.0025189,0.003168467,0.001208633,0.002932111,0.001651389,0.000514289,0.0021999,0.001635767,0.003379667,0.001985011,0.004333711,0.005169333,0.004985589,0.001789667,-0.003896033,0.002025444
0,0.017854689,0.014449878,0.020357011,0.004566744,-0.007807878,0.001340833,0.003037567,0.001093222,0.009263033,0.000486444,0.002876089,0.019345811,0.002397667,0.007453256,0.002258044,0.003087456,0.004651233,0.005911422,0.002330156,0.005376811,0.003162978,0.0009703,0.005351156,0.003250478,0.006742411,0.004301756,0.007642044,0.009485756,0.009236,0.004265733,-0.008244622,0.003760333
0,0.0227857,0.018324144,0.025791722,0.005859911,0.004549133,0.004136933,0.004063833,0.001399211,0.012277244,0.001594178,0.004652822,0.022973122,0.003268433,0.009569089,0.004229678,0.004513611,0.006703011,0.0079411,0.003288489,0.007171967,0.0042996,0.002162633,0.008321567,0.004355533,0.008751333,0.006051256,0.0096665,0.012673856,0.012195222,0.005970489,-0.001191167,0.004923733
0,0.043100167,0.032125811,0.048224778,0.008805089,0.010631556,0.006312,0.006213578,0.002347578,0.021085189,0.001991911,0.008045767,0.04779486,0.005060478,0.015628478,0.007144333,0.006872256,0.010455144,0.013146611,0.004920333,0.011519022,0.006178233,0.003302944,0.013260222,0.006700278,0.013234956,0.011364067,0.014836011,0.021441378,0.020132333,0.009120289,-0.001323822,0.0072624
0,0.017556622,0.014201033,0.020165533,0.004636211,-0.003528078,0.002691556,0.003159644,0.001074511,0.009365411,0.0009444,0.003215733,0.018238011,0.002546211,0.007480256,0.002739256,0.0034031,0.005026233,0.006150156,0.002484367,0.005718033,0.003339367,0.001352367,0.006064056,0.003414022,0.006813711,0.004540678,0.007661644,0.009611411,0.009399133,0.004597756,-0.004759111,0.004001978
0,0.024684444,0.019658144,0.028050189,0.006003311,-0.000415189,0.003365678,0.004089167,0.0014441,0.012687089,0.0010683,0.0043212,0.026034078,0.003223822,0.009879122,0.003801522,0.004385644,0.006566089,0.008077889,0.003231056,0.007433256,0.004302956,0.001755989,0.007930144,0.004376533,0.008871733,0.006209578,0.0099495,0.0129008,0.012586256,0.005953867,-0.007114967,0.004952822
0,0.027327744,0.0221119,0.031377744,0.006980122,0.0025913,0.004538067,0.004868633,0.001664978,0.014535333,0.001768878,0.005213156,0.029780322,0.003878422,0.011359378,0.004908222,0.005251033,0.007746644,0.0095485,0.003881422,0.008575711,0.005161767,0.0022994,0.009687356,0.005214722,0.010521589,0.007560644,0.011575822,0.014807211,0.014525367,0.007303044,-0.003859822,0.006063911
0,0.008856167,0.006831433,0.009803722,0.002049522,-0.007851511,-0.0002891,0.0011928,0.000556433,0.004307333,-0.000196667,0.000769111,0.004053444,0.001017811,0.003529667,-0.001013989,0.001222533,0.002010789,0.003100044,0.000886878,0.002760233,0.001290889,0.000174567,0.001145167,0.001279711,0.0026696,0.001641744,0.003653489,0.004431867,0.004201289,0.001415589,-0.007334122,0.001772833
0,0.064781689,0.0485694,0.074027211,0.012949778,0.0103635,0.009989856,0.0086624,0.0034194,0.0314173,0.003356556,0.010658144,0.036127889,0.007084444,0.022440911,0.004513478,0.009860422,0.014953856,0.021839744,0.007307722,0.017374867,0.009123367,0.004765222,0.015627644,0.009680522,0.0191995,0.017105033,0.022295022,0.031443056,0.030499211,0.011349578,0.003169778,0.0116954
0,0.015157267,0.012152767,0.017288267,0.003891078,-0.005204344,0.002189944,0.002401578,0.000900322,0.008078967,0.000595511,0.002196244,0.008432856,0.002011522,0.006325778,0.000192033,0.002773467,0.004070356,0.005449111,0.001947533,0.004949267,0.002659756,0.000982111,0.003874556,0.002752089,0.005433933,0.003564744,0.006735056,0.008291722,0.008057456,0.003002533,-0.004530178,0.003500778
0,0.0275187,0.022390233,0.031907856,0.007197378,0.006652778,0.005110467,0.005133889,0.001669011,0.014955378,0.0021935,0.005591378,0.029655122,0.004168922,0.0116974,0.005581644,0.005694556,0.0082732,0.0104153,0.004128489,0.0092056,0.005434,0.002665178,0.0105899,0.005611978,0.010875789,0.008219478,0.011725056,0.015264311,0.0149579,0.007727378,-0.001067156,0.006536389
0,0.017160322,0.014117778,0.019539256,0.004939489,0.011908233,0.004305244,0.003643867,0.001160867,0.009995733,0.002323878,0.004243789,0.016713,0.003023856,0.007888622,0.004628211,0.004323822,0.006140156,0.007245389,0.003073178,0.006432844,0.00399,0.002514544,0.008150656,0.003966267,0.007445944,0.005802289,0.007914289,0.010335833,0.010100967,0.005914656,0.004538444,0.0046446
0,0.028777078,0.023430544,0.033620033,0.007328844,-0.000742122,0.004374744,0.0051069,0.001696744,0.015135578,0.001482044,0.005153889,0.031166533,0.0040518,0.011907544,0.004563344,0.005382189,0.007873856,0.010376556,0.0040058,0.009264678,0.005338444,0.002075333,0.009862389,0.005546311,0.010952111,0.008407244,0.012061022,0.015305167,0.015175822,0.007324333,-0.0074656,0.006554811
0,0.0809056,0.061441789,0.095968211,0.015667222,0.002706178,0.010827167,0.010252978,0.004117222,0.037809033,0.003670467,0.012028467,0.053046267,0.008139322,0.026787456,0.004243378,0.011300767,0.016715833,0.025827211,0.0087262,0.020034289,0.010702467,0.004805478,0.017939078,0.011599056,0.023076244,0.0216848,0.026962567,0.036832744,0.0369552,0.013033789,-0.002729122,0.013933056
0,0.024468578,0.019865622,0.028485711,0.0065445,0.002898033,0.004262667,0.004614922,0.001501033,0.013201144,0.001861056,0.004759478,0.026477333,0.003715178,0.010485933,0.004512522,0.005041267,0.007283822,0.009327922,0.003694044,0.008310167,0.004921811,0.002207222,0.009155667,0.004965578,0.009790433,0.007989844,0.010686578,0.013491989,0.013331667,0.006900644,-0.002720089,0.005872033
0,0.040779867,0.030860944,0.0458919,0.008670389,0.001415789,0.005992189,0.005728189,0.002221844,0.0200848,0.001882122,0.006457489,0.021418689,0.004863044,0.014953556,0.0021753,0.006622722,0.010295278,0.014865622,0.004815811,0.012247422,0.006078878,0.002961111,0.009419544,0.0063063,0.012041644,0.010755633,0.014848756,0.020309833,0.019663889,0.007723344,-0.002132367,0.0080331
0,0.030316844,0.024341411,0.035004967,0.007804478,0.010661089,0.005930789,0.005652178,0.001846311,0.016430511,0.002792667,0.006388044,0.031323556,0.004592644,0.012774133,0.0064084,0.0063439,0.009283389,0.012016444,0.004638878,0.010393078,0.006045211,0.003193089,0.011436867,0.006073456,0.011751611,0.010384511,0.0126963,0.016738022,0.016480022,0.0088504,0.001383256,0.007133411
0,0.037789789,0.030328611,0.044293189,0.009243756,0.006490611,0.006287633,0.006623078,0.002192233,0.019742544,0.002651022,0.0072978,0.041619011,0.005240311,0.015201956,0.006959656,0.007082856,0.010461644,0.014123489,0.005327033,0.012096678,0.006974989,0.0031548,0.0129888,0.0070911,0.013925778,0.013121133,0.015184978,0.0198865,0.019703678,0.010088533,-0.003349556,0.008286367
0,0.021725522,0.017349644,0.024858267,0.005378567,-0.000382175,0.003795933,0.003821389,0.001331311,0.0114782,0.0013377,0.004224867,0.019598078,0.003226078,0.0089818,0.003804333,0.004270533,0.006374933,0.008544911,0.003075311,0.007613211,0.004112722,0.002041644,0.008018744,0.004279533,0.007856044,0.006419544,0.008684211,0.011742556,0.011290889,0.005900178,-0.00595385,0.004853756
0,0.017692589,0.014110122,0.020009522,0.004640244,0.001008978,0.003324933,0.003010389,0.001133789,0.009630511,0.001200389,0.003111244,0.009128611,0.002571478,0.007477144,0.001213378,0.003553289,0.005283556,0.006862656,0.002543956,0.006262433,0.003428589,0.001675367,0.005584589,0.003398011,0.006477233,0.004938022,0.0077891,0.009882678,0.009631111,0.0042024,-0.000675367,0.004318289
0,0.016939889,0.013448556,0.019088056,0.004076367,-0.006707022,0.002175067,0.0025086,0.001020356,0.008678789,0.000555267,0.002249422,0.007899211,0.002150367,0.006793144,-0.0000246,0.002868933,0.004457544,0.006598689,0.002075711,0.005756833,0.002838644,0.000976778,0.003681611,0.002849189,0.005429278,0.004336811,0.006949122,0.008783522,0.0085319,0.003407733,-0.006816856,0.003689222
0,0.011417078,0.009332567,0.0130931,0.0029908,-0.009314744,0.001228122,0.0017324,0.000669033,0.005898322,0.000180244,0.001424811,0.005589833,0.001427567,0.004743356,-0.0011777,0.001858,0.002848822,0.004277089,0.001387378,0.0038919,0.0020368,0.000368033,0.002206489,0.001953944,0.003909889,0.003344089,0.005149267,0.0059206,0.005929433,0.0023215,-0.007160367,0.002669911
0,0.041935056,0.031943244,0.046480567,0.009647278,0.0206147,0.009429778,0.006473944,0.002459,0.021864533,0.003606189,0.008860089,0.023146389,0.005343022,0.015767722,0.005784978,0.0078717,0.011876467,0.015401267,0.005727989,0.013051111,0.007313911,0.004694244,0.014284922,0.007373678,0.014162244,0.011983533,0.015959078,0.022194233,0.0214365,0.009159656,0.012282067,0.008383122
0,0.027896678,0.022096156,0.031474522,0.006905456,-0.008157867,0.004551989,0.004152756,0.001619511,0.014373367,0.000890233,0.004300633,0.015313089,0.003420356,0.010819067,0.001156433,0.004995956,0.007373889,0.009702133,0.003660333,0.0088375,0.004879244,0.0016004,0.006572067,0.004807022,0.009386911,0.006920678,0.011363189,0.014275267,0.014345411,0.005309444,-0.007932683,0.005716978
0,0.036846744,0.028948511,0.0417724,0.008678467,0.000399178,0.006291433,0.005386111,0.002107822,0.018833556,0.001873689,0.006018289,0.021110033,0.0043012,0.013894122,0.001992533,0.006222411,0.009172889,0.012141356,0.004656644,0.0108864,0.006197811,0.002772278,0.010065344,0.006130244,0.012260544,0.008983511,0.014579411,0.018436989,0.018643189,0.006866,-0.002411489,0.007007833
0,0.026932,0.021134922,0.029761733,0.006896011,0.013971222,0.006790522,0.004605489,0.001672722,0.014544167,0.002674167,0.005912844,0.016086167,0.003793667,0.010897089,0.003984733,0.0056722,0.008155544,0.009661833,0.004009467,0.008800789,0.005253033,0.003306222,0.0097807,0.005026178,0.009745311,0.007125989,0.011174156,0.014687956,0.0143936,0.006191678,0.007721878,0.005710911
0,0.019979044,0.015725678,0.0224052,0.005041778,-0.004412933,0.003192767,0.0030444,0.001212656,0.010387844,0.000812567,0.003124822,0.011256,0.002455244,0.007896822,0.000600933,0.0034873,0.005121678,0.006518744,0.002556278,0.0062384,0.003532078,0.001383922,0.0052888,0.003455156,0.006916633,0.004440667,0.0084921,0.010328422,0.010329633,0.003467967,-0.003742578,0.004004833
0,0.019371211,0.0148469,0.021435611,0.004388311,-0.006032111,0.0020601,0.002638167,0.001166111,0.009700756,0.000358489,0.002603733,0.009791511,0.002198567,0.007268278,0.0000363,0.003026833,0.004660522,0.0062821,0.002133778,0.005854489,0.002957956,0.001101844,0.004098722,0.002968156,0.005894278,0.004114878,0.007499556,0.009551122,0.009309778,0.003043289,-0.006254144,0.003477133
0,0.022344422,0.017597667,0.025014011,0.005517278,-0.005706922,0.003312256,0.003307056,0.001321089,0.011440189,0.000848989,0.0033525,0.012280956,0.002665467,0.008649278,0.000529967,0.0038053,0.005609678,0.007279167,0.0028166,0.007015967,0.003879378,0.0014728,0.005555689,0.003713789,0.007434867,0.004955867,0.009120633,0.0111967,0.011284467,0.003820178,-0.005629389,0.004296278
0,0.026753956,0.020627289,0.0298292,0.006455567,0.006743133,0.005707356,0.004107822,0.001585589,0.013844611,0.001694489,0.005027633,0.015068833,0.003348722,0.0102493,0.002458911,0.005058622,0.007227967,0.008872044,0.003516756,0.008225089,0.004701822,0.002625522,0.008285122,0.004561744,0.008982911,0.006535833,0.010553733,0.013867489,0.013620156,0.005061933,0.003141044,0.005169489
0,0.016965278,0.013345078,0.0190639,0.004339578,-0.001572475,0.003102878,0.0026629,0.001049378,0.008907933,0.000874844,0.002892222,0.009412333,0.002170878,0.0068135,0.000865122,0.003179267,0.0045534,0.005627667,0.002230356,0.005393911,0.003081,0.001436044,0.004912122,0.003008178,0.0059386,0.003843167,0.007182011,0.008940944,0.008792722,0.0030638,-0.001758278,0.003414733
0,0.020804589,0.016690156,0.023370978,0.0055341,0.002633322,0.004344167,0.003534489,0.001307744,0.011240178,0.001637122,0.003831956,0.0118435,0.0029023,0.0086194,0.001702767,0.004239589,0.006105567,0.007707044,0.0030701,0.007147089,0.004189867,0.002076556,0.006828178,0.003975533,0.007689544,0.005326678,0.009130533,0.011232411,0.011277322,0.004500089,0.000463478,0.004696644
0,0.0061605,0.004827422,0.006872922,0.001473556,-0.003940844,0.000149833,0.000923678,0.000453044,0.003161289,0.0000865,0.000689767,0.002939022,0.000753089,0.002522556,-0.000285333,0.0009976,0.001519956,0.002048256,0.000693967,0.001980222,0.001035433,0.000311189,0.001218622,0.000991556,0.002071678,0.0012111,0.0026052,0.003181867,0.002984689,0.001034633,-0.0036134,0.001136511
0,0.012152756,0.009669044,0.013624889,0.0030726,-0.007396589,0.000894822,0.001740222,0.000722144,0.006144311,0.000124344,0.001470822,0.006477244,0.001390433,0.004782744,-0.000916222,0.001956156,0.002907644,0.003828989,0.001444822,0.003803622,0.0020735,0.000507522,0.002564233,0.001999444,0.0040379,0.002454433,0.005198122,0.006042233,0.006103256,0.001815289,-0.006682078,0.002398667
0,0.025953622,0.020906267,0.029735278,0.006509933,-0.000274789,0.003999422,0.004412589,0.001537544,0.013394689,0.001233878,0.004692011,0.027208933,0.0034754,0.010409022,0.003987978,0.004678867,0.006833756,0.008818533,0.003510122,0.008277433,0.004895378,0.001946378,0.008798656,0.004834889,0.009564033,0.006645267,0.010458,0.013172156,0.013245478,0.006124733,-0.006257678,0.0052368
0,0.016821167,0.013548267,0.019048567,0.0046351,0.007944011,0.004102067,0.003211333,0.001095967,0.009341622,0.001534511,0.003852822,0.016011589,0.0026187,0.007253989,0.003694989,0.003758089,0.005293389,0.006315322,0.002674,0.005893722,0.003662311,0.002108978,0.007769467,0.003630511,0.006887756,0.004721833,0.007377667,0.009573622,0.009295856,0.004572089,0.002513356,0.003889156
0,0.024990911,0.019956233,0.028716633,0.006274278,0.000987689,0.003994556,0.004176644,0.001486289,0.012844378,0.0010296,0.004603811,0.026495322,0.003271967,0.009946711,0.003922511,0.004540122,0.006476467,0.008178078,0.003349244,0.007828367,0.004696144,0.001918289,0.009260256,0.004760556,0.009368022,0.0063096,0.010012578,0.012804189,0.012704722,0.005583756,-0.005690311,0.004913444
0,0.0220293,0.017622711,0.025579211,0.005499278,-0.008261756,0.002501578,0.003504856,0.001299167,0.011109544,0.0003529,0.003465978,0.023648667,0.0027208,0.0086959,0.002635911,0.003674456,0.005324378,0.006921478,0.002766233,0.006750556,0.003973978,0.001175578,0.007633922,0.004070489,0.008094844,0.005259089,0.008849222,0.0109688,0.010987356,0.004614889,-0.011103111,0.004248911
0,0.0174201,0.014156944,0.019983533,0.004741711,0.002162978,0.003247089,0.003249656,0.001098567,0.009306056,0.001166278,0.003456978,0.0176467,0.002614844,0.007408722,0.003210333,0.0035651,0.0050809,0.006268111,0.002614478,0.006052911,0.003654478,0.001679622,0.006860178,0.003585889,0.006955722,0.004537767,0.007476333,0.009340667,0.009314289,0.004547444,-0.002520289,0.003861722
0,0.037282978,0.029587367,0.043236933,0.009033989,0.003501122,0.006118411,0.006182778,0.0021914,0.018901489,0.001896511,0.006867822,0.04202692,0.004827156,0.014457411,0.006095567,0.006578578,0.009479433,0.012470489,0.0049576,0.011601067,0.006836911,0.002872444,0.012941922,0.006844278,0.013480322,0.009944044,0.014483267,0.0186038,0.018717889,0.008488533,-0.005871978,0.007326311
0,0.020665444,0.0166298,0.023869789,0.005399033,-0.006442589,0.003052056,0.003598589,0.001224389,0.010691233,0.000833722,0.003568144,0.021590056,0.0028201,0.008463833,0.002925822,0.003761911,0.005517044,0.007079322,0.002851311,0.006840156,0.003994856,0.001387478,0.007190022,0.004035344,0.007781656,0.005271889,0.008633222,0.010532556,0.010658556,0.004908667,-0.006846311,0.004432567
0,0.027463478,0.021450911,0.0309364,0.006618411,-0.002349622,0.004808256,0.004102633,0.001613067,0.014138256,0.001266644,0.004484344,0.013997378,0.003390589,0.010533389,0.001255633,0.004899967,0.007202178,0.009832367,0.003577411,0.008965511,0.0049466,0.002155067,0.007508578,0.004738122,0.009108411,0.006695856,0.01087,0.013933,0.0138817,0.004981611,-0.002860622,0.005565456
0,0.028433367,0.022515678,0.032427722,0.007083956,-0.004705556,0.004763844,0.004377289,0.001660389,0.014716967,0.001416333,0.0045522,0.015385589,0.003572011,0.011176733,0.001116456,0.005164444,0.0074809,0.010314844,0.003835833,0.009471233,0.005283644,0.002122689,0.007698567,0.004991689,0.009602367,0.007153389,0.0115572,0.014327944,0.014557689,0.005363511,-0.004468644,0.006033633
0,0.019950578,0.016087178,0.022951122,0.005114611,-0.006279678,0.002737111,0.003316044,0.001207456,0.010124822,0.000651144,0.003228678,0.020110878,0.002599711,0.007933522,0.002743378,0.003552978,0.005176278,0.006745867,0.002709967,0.006660444,0.003896933,0.001337444,0.007394333,0.003824533,0.007249244,0.005060044,0.007910356,0.009875533,0.010038822,0.004600022,-0.009509144,0.003932789
0,0.021497444,0.017247,0.024626911,0.005586278,0.000260125,0.003915756,0.003634033,0.001316522,0.011105189,0.001083133,0.003775533,0.018873011,0.002895944,0.008615044,0.002686089,0.004056978,0.005769867,0.0076797,0.003060678,0.007357556,0.0043778,0.001727744,0.007919844,0.004200511,0.007875456,0.005516711,0.008812989,0.0109373,0.011048744,0.004853056,-0.003615875,0.004408144
0,0.045819233,0.035250967,0.052561078,0.010083078,0.006588189,0.007561889,0.006971956,0.002601344,0.022118044,0.001769844,0.008208744,0.0502334,0.005356711,0.016506156,0.006960367,0.007553433,0.010733956,0.015496511,0.0057004,0.013779056,0.007957078,0.003412122,0.017227689,0.008170244,0.015303367,0.012785378,0.016122778,0.021698056,0.021554233,0.0096094,-0.006736433,0.0080468
0,0.013648889,0.010988944,0.015326233,0.003653667,0.0107949,0.004060578,0.002714489,0.000952011,0.007685933,0.001502589,0.0035846,0.011571222,0.002303389,0.005964122,0.0034834,0.003330967,0.004658933,0.006326344,0.002379044,0.005341578,0.003257189,0.0020568,0.006844722,0.003112133,0.005533167,0.004373833,0.005725044,0.007805244,0.007461333,0.004297622,0.00563654,0.003241311
0,0.017032444,0.013515389,0.0192818,0.004235711,-0.006319111,0.002590667,0.002483956,0.0010309,0.008635089,0.000471233,0.002307511,0.008233744,0.002052378,0.006526567,0.0000401,0.002919622,0.004236611,0.006042967,0.002217189,0.005765033,0.003171578,0.001017089,0.004253833,0.003016022,0.005665,0.003906444,0.006903,0.008350644,0.008476533,0.0028419,-0.006645311,0.003445078
0,0.038898278,0.030772789,0.044723967,0.0093569,0.008926067,0.007543811,0.006634189,0.002322367,0.019783956,0.002434011,0.007523156,0.041008333,0.005209733,0.014944856,0.006930922,0.007193878,0.010324789,0.014760911,0.005550389,0.013028989,0.007708167,0.0034855,0.014469922,0.007496733,0.0139778,0.011264189,0.014658211,0.019224956,0.019428122,0.009481544,-0.0021762,0.007915511
0,0.019759411,0.015915178,0.022552878,0.0051421,-0.004970378,0.0034107,0.003127478,0.001216733,0.010324422,0.000928633,0.003043089,0.010238156,0.002579422,0.007925722,0.0004862,0.0036968,0.005251522,0.007449144,0.0027883,0.007040833,0.003960667,0.001445089,0.005452089,0.0037451,0.006857322,0.004960411,0.008290856,0.0099284,0.010229567,0.003793356,-0.004731078,0.004441278